City ID,City,Country,Lat,Lng,Max Temp,Humidity,Cloudiness,Wind Speed,Current Weather
0,Chokurdakh,RU,70.6333,147.9167,9.21,92,25,4.65,scattered clouds
1,Monte Alegre,BR,-2.0078,-54.0692,71.74,97,100,1.32,light rain
2,Pimentel,PE,-6.8367,-79.9342,66.0,85,100,1.99,overcast clouds
3,Rincon,US,32.296,-81.2354,64.4,94,1,6.91,clear sky
4,Comodoro Rivadavia,AR,-45.8667,-67.5,68.0,45,0,14.97,clear sky
5,Saint-Philippe,RE,-21.3585,55.7679,78.8,89,75,19.57,light rain
6,Vaini,TO,-21.2,-175.2,77.0,88,40,6.91,light rain
7,Sola,VU,-13.8833,167.55,82.99,74,22,10.65,moderate rain
8,Atuona,PF,-9.8,-139.0333,80.01,79,27,17.31,light rain
9,Xichang,CN,27.8964,102.2634,82.87,23,81,14.07,broken clouds
10,Cleethorpes,GB,53.5605,-0.0323,44.01,87,90,1.14,overcast clouds
11,Port Alfred,ZA,-33.5906,26.891,72.07,81,92,20.13,light rain
12,Port Blair,IN,11.6667,92.75,86.0,70,75,4.61,broken clouds
13,Hilo,US,19.7297,-155.09,73.4,78,90,6.2,heavy intensity rain
14,Tahara,JP,34.6667,137.2667,66.99,13,0,8.01,clear sky
15,Guadalupe Y Calvo,MX,26.1,-106.9667,37.0,86,12,4.54,few clouds
16,Lopatino,RU,52.6195,45.8118,51.64,55,100,17.69,overcast clouds
17,Catacocha,EC,-4.0667,-79.6333,54.77,95,68,1.34,light rain
18,Krasnovishersk,RU,60.4078,57.082,35.19,42,1,5.64,clear sky
19,Druskininkai,LT,54.0167,23.9667,53.6,66,20,2.24,few clouds
20,Porteirinha,BR,-15.7433,-43.0283,66.25,81,99,3.71,overcast clouds
21,Jiangyou,CN,31.7667,104.7167,58.05,88,100,0.89,overcast clouds
22,Ilo,PE,-17.6394,-71.3375,65.39,85,4,5.06,clear sky
23,Barrow,US,71.2906,-156.7887,24.8,74,1,10.36,clear sky
24,Albany,US,42.6001,-73.9662,42.01,91,100,2.93,overcast clouds
25,Mataura,NZ,-46.1927,168.8643,57.99,82,27,5.99,scattered clouds
26,Provideniya,RU,64.3833,-173.3,24.24,90,100,5.86,overcast clouds
27,Kapaa,US,22.0752,-159.319,73.4,73,75,10.36,broken clouds
28,Bedele,ET,8.456,36.353,75.2,37,55,8.93,broken clouds
29,Pokhara,NP,28.2333,83.9833,90.21,12,57,8.41,broken clouds
30,Hobart,AU,-42.8794,147.3294,62.6,34,75,24.16,broken clouds
31,Arraial Do Cabo,BR,-22.9661,-42.0278,73.83,85,59,14.0,broken clouds
32,Severo-Kurilsk,RU,50.6789,156.125,36.5,96,100,30.11,heavy intensity rain
33,Beringovskiy,RU,63.05,179.3167,32.13,85,97,3.4,overcast clouds
34,Busselton,AU,-33.65,115.3333,64.99,94,63,10.42,broken clouds
35,Ushuaia,AR,-54.8,-68.3,48.2,61,90,24.16,overcast clouds
36,Tasiilaq,GL,65.6145,-37.6368,14.0,62,20,5.75,few clouds
37,Rikitea,PF,-23.1203,-134.9692,77.54,75,3,5.73,clear sky
38,Cape Town,ZA,-33.9258,18.4232,64.99,77,20,24.16,few clouds
39,Ust-Ilimsk,RU,58.0006,102.6619,34.29,93,100,14.27,snow
40,Kurilsk,RU,45.2333,147.8833,35.85,86,98,21.99,light rain
41,Georgetown,MY,5.4112,100.3354,89.01,66,40,8.05,scattered clouds
42,Dogondoutchi,NE,13.6393,4.0287,95.9,25,73,10.58,broken clouds
43,Saldanha,ZA,-33.0117,17.9442,66.2,82,100,5.75,overcast clouds
44,New Norfolk,AU,-42.7826,147.0587,60.01,53,100,1.99,overcast clouds
45,Tiksi,RU,71.6872,128.8694,11.73,86,100,4.94,overcast clouds
46,Khatanga,RU,71.9667,102.5,9.18,82,100,6.71,overcast clouds
47,Lebu,CL,-37.6167,-73.65,56.52,89,15,14.12,few clouds
48,Kirensk,RU,57.7853,108.1119,38.01,66,100,9.06,overcast clouds
49,Nokha,IN,27.6,73.4167,101.16,6,12,9.51,few clouds
50,Jamestown,US,42.097,-79.2353,42.01,87,90,9.22,overcast clouds
51,Victoria,HK,22.2855,114.1577,79.0,59,64,5.01,broken clouds
52,Bethel,US,41.3712,-73.414,46.0,81,1,3.42,clear sky
53,Binzhou,CN,37.3667,118.0167,81.95,17,43,9.48,scattered clouds
54,Qaanaaq,GL,77.484,-69.3632,2.8,75,100,6.06,overcast clouds
55,Faanui,PF,-16.4833,-151.75,82.42,74,23,15.41,light rain
56,Vanimo,PG,-2.6741,141.3028,77.22,87,100,1.92,overcast clouds
57,Laguna,US,38.421,-121.4238,62.01,51,1,3.44,clear sky
58,Butaritari,KI,3.0707,172.7902,83.14,77,44,12.48,light rain
59,Vila,PT,42.0304,-8.1588,52.0,90,94,2.26,overcast clouds
60,Tuktoyaktuk,CA,69.4541,-133.0374,20.95,96,12,9.57,few clouds
61,Cidreira,BR,-30.1811,-50.2056,71.42,60,100,9.01,overcast clouds
62,Vila Franca Do Campo,PT,37.7167,-25.4333,59.0,82,20,4.61,few clouds
63,Hermanus,ZA,-34.4187,19.2345,63.0,80,100,5.01,light rain
64,Pontianak,ID,-0.0333,109.3333,89.6,70,75,11.5,broken clouds
65,Punta Arenas,CL,-53.15,-70.9167,46.4,81,75,4.61,light rain
66,Constitucion,CL,-35.3333,-72.4167,54.45,61,55,4.34,broken clouds
67,Kavieng,PG,-2.5744,150.7967,83.46,73,94,12.39,overcast clouds
68,Goderich,CA,43.7501,-81.7165,35.6,80,40,4.61,scattered clouds
69,Lorengau,PG,-2.0226,147.2712,82.62,74,100,8.34,overcast clouds
70,Wattegama,LK,6.7989,81.4808,89.6,74,40,11.5,scattered clouds
71,Portobelo,PA,9.55,-79.65,75.99,82,100,2.89,overcast clouds
72,Makakilo City,US,21.3469,-158.0858,75.2,68,1,4.61,clear sky
73,Gibraleon,ES,37.3763,-6.969,62.01,61,31,1.01,scattered clouds
74,Klaksvik,FO,62.2266,-6.589,39.2,93,90,3.44,drizzle
75,East London,ZA,-33.0153,27.9116,73.4,64,40,25.32,scattered clouds
76,Thompson,CA,55.7435,-97.8558,17.6,73,1,5.75,clear sky
77,Aldan,RU,58.6031,125.3894,18.88,81,100,11.9,light snow
78,Airai,TL,-8.9266,125.4092,66.61,68,98,2.51,overcast clouds
79,Carnarvon,AU,-24.8667,113.6333,79.47,54,0,23.2,clear sky
80,Nouakchott,MR,18.0858,-15.9785,68.0,73,80,11.5,broken clouds
81,Burnie,AU,-41.0667,145.9167,59.0,80,56,5.99,light rain
82,Jacareacanga,BR,-6.2222,-57.7528,71.35,99,100,2.33,moderate rain
83,Kamaishi,JP,39.2667,141.8833,53.6,54,75,6.91,broken clouds
84,Nhulunbuy,AU,-12.2333,136.7667,86.0,66,99,8.05,overcast clouds
85,Bluff,NZ,-46.6,168.3333,57.99,82,98,17.2,overcast clouds
86,Sitka,US,57.0531,-135.33,55.4,38,1,11.5,clear sky
87,Iqaluit,CA,63.7506,-68.5145,14.0,85,90,4.12,light snow
88,Bireun,ID,5.203,96.7009,84.52,70,100,6.24,overcast clouds
89,Save,BJ,8.0425,2.486,82.78,59,86,6.46,overcast clouds
90,Hithadhoo,MV,-0.6,73.0833,83.07,67,94,5.59,overcast clouds
91,Mar Del Plata,AR,-38.0023,-57.5575,64.99,94,21,6.91,mist
92,Krasnoarmeysk,RU,51.0239,45.6969,50.32,73,100,12.86,overcast clouds
93,Elk City,US,35.412,-99.4043,44.6,61,1,6.51,clear sky
94,Beaune,FR,47.0833,4.75,48.2,76,40,5.75,scattered clouds
95,College,US,64.8569,-147.8028,41.0,65,1,3.44,clear sky
96,Adelaide,AU,-34.9333,138.6,68.0,45,75,9.22,broken clouds
97,Cabedelo,BR,-6.9811,-34.8339,71.6,100,20,2.3,few clouds
98,Ulkan,RU,57.243,107.3223,39.24,64,100,12.44,overcast clouds
99,Mubi,NG,10.2676,13.2644,88.38,37,56,4.43,broken clouds
100,Conde,BR,-7.2597,-34.9075,71.6,100,20,2.3,few clouds
101,Vila Velha,BR,-20.3297,-40.2925,73.4,88,0,6.96,clear sky
102,Kaitangata,NZ,-46.2817,169.8464,60.01,51,51,8.99,broken clouds
103,Broken Hill,AU,-31.95,141.4333,69.8,28,0,6.91,clear sky
104,Talnakh,RU,69.4865,88.3972,7.95,85,30,6.58,scattered clouds
105,Kavaratti,IN,10.5669,72.642,84.25,69,11,5.7,few clouds
106,Fortuna,US,40.5982,-124.1573,48.99,100,90,6.91,overcast clouds
107,Upernavik,GL,72.7868,-56.1549,-0.08,82,99,4.7,overcast clouds
108,San Patricio,US,28.017,-97.5169,60.01,88,90,3.44,overcast clouds
109,Sorbhog,IN,26.5,90.8667,92.26,33,0,11.36,clear sky
110,Urumqi,CN,43.801,87.6005,71.6,24,40,24.61,light rain
111,Kozhevnikovo,RU,56.2589,83.9714,21.0,65,100,14.14,overcast clouds
112,Kapit,MY,2.0167,112.9333,84.27,78,33,3.6,light rain
113,Rudnogorsk,RU,57.2639,103.7519,35.02,78,100,14.41,light snow
114,Cherskiy,RU,68.75,161.3,13.91,91,11,0.78,few clouds
115,Bredasdorp,ZA,-34.5322,20.0403,62.6,67,90,13.8,light rain
116,Cabo San Lucas,MX,22.8909,-109.9124,69.01,82,100,1.01,overcast clouds
117,Ostrovnoy,RU,68.0531,39.5131,36.21,86,97,20.56,overcast clouds
118,Te Anau,NZ,-45.4167,167.7167,50.27,89,33,5.53,scattered clouds
119,Yellowknife,CA,62.456,-114.3525,32.0,69,75,3.44,broken clouds
120,Purpe,RU,64.4803,76.6897,7.0,61,63,1.99,broken clouds
121,Zhigansk,RU,66.7697,123.3711,18.41,74,100,6.06,overcast clouds
122,Kathu,TH,7.9178,98.3332,86.0,94,75,11.5,moderate rain
123,Karibib,NA,-21.9333,15.8333,73.49,38,0,16.51,clear sky
124,Souillac,MU,-20.5167,57.5167,84.2,74,75,11.5,light rain
125,Cukai,MY,4.25,103.4167,87.8,74,40,8.05,scattered clouds
126,Kawalu,ID,-7.3817,108.2082,82.02,68,82,5.21,broken clouds
127,Cockburn Town,TC,21.4612,-71.1419,78.3,85,100,17.69,overcast clouds
128,Soyo,AO,-6.1349,12.3689,77.0,94,75,4.61,light rain
129,Tiarei,PF,-17.5333,-149.3333,78.8,83,20,2.3,few clouds
130,Kodiak,US,57.79,-152.4072,46.4,71,1,17.27,clear sky
131,Kruisfontein,ZA,-34.0033,24.7314,64.99,92,100,1.01,moderate rain
132,Chitral,PK,35.8462,71.7858,58.35,45,0,2.98,clear sky
133,Belmonte,BR,-15.8631,-38.8828,71.6,94,20,3.44,few clouds
134,Talara,PE,-4.5772,-81.2719,71.02,83,100,5.14,overcast clouds
135,Sao Filipe,CV,14.8961,-24.4956,72.03,73,10,11.63,clear sky
136,Avarua,CK,-21.2078,-159.775,78.8,83,90,14.97,light rain
137,Ternate,ID,0.8,127.4,82.58,76,100,9.31,moderate rain
138,Port Hedland,AU,-20.3167,118.5667,87.8,33,0,12.66,clear sky
139,Merrill,US,45.1805,-89.6835,37.99,87,40,10.36,scattered clouds
140,Havelock,US,34.8791,-76.9013,59.0,94,1,4.43,clear sky
141,Waipawa,NZ,-41.4122,175.5153,61.0,82,20,13.8,few clouds
142,Deputatskiy,RU,69.3,139.9,12.87,92,99,3.71,overcast clouds
143,Riyadh,SA,24.6877,46.7219,89.6,11,0,2.3,clear sky
144,Sibolga,ID,1.7427,98.7792,84.88,63,72,5.28,broken clouds
145,Novikovo,RU,51.1537,37.8879,53.02,62,78,3.83,broken clouds
146,Khandyga,RU,62.6667,135.6,32.22,97,100,4.81,light snow
147,Dolores,AR,-36.3132,-57.6792,60.78,96,5,6.82,clear sky
148,Ribeira Grande,PT,38.5167,-28.7,62.6,88,40,10.36,scattered clouds
149,Rio Pardo,BR,-29.9897,-52.3781,57.99,97,1,3.78,clear sky
150,Mossendjo,CG,-2.9506,12.7261,75.81,88,83,0.83,broken clouds
151,Matara,LK,5.9485,80.5353,86.63,63,74,10.85,broken clouds
152,Dalbandin,PK,28.8947,64.4101,88.23,10,100,4.88,overcast clouds
153,Puerto Ayora,EC,-0.7393,-90.3518,73.99,98,57,5.06,broken clouds
154,Panzhihua,CN,26.5851,101.7128,93.02,15,77,7.07,broken clouds
155,Sao Joao Da Barra,BR,-21.6403,-41.0511,71.83,88,98,7.38,overcast clouds
156,Keti Bandar,PK,24.1447,67.4497,88.05,51,40,15.75,scattered clouds
157,Lipin Bor,RU,60.2622,37.9763,41.56,52,2,9.82,clear sky
158,Avera,US,33.194,-82.5271,57.0,100,40,4.61,scattered clouds
159,Luganville,VU,-15.5333,167.1667,79.77,83,97,3.13,overcast clouds
160,Marsa Matruh,EG,31.3525,27.2453,71.6,68,40,13.8,scattered clouds
161,Adre,TD,13.4667,22.2,93.63,5,3,12.62,clear sky
162,Broome,US,42.2506,-75.833,44.6,70,40,4.61,scattered clouds
163,Hambantota,LK,6.1241,81.1185,89.6,74,40,11.5,scattered clouds
164,Moussoro,TD,13.6408,16.4901,96.89,5,15,15.01,few clouds
165,Marivan,IR,35.5219,46.176,74.73,30,63,3.42,broken clouds
166,Lazi,UA,48.0667,24.2333,44.44,90,100,1.52,overcast clouds
167,Port-Gentil,GA,-0.7193,8.7815,80.6,89,75,3.44,broken clouds
168,Houma,US,29.5958,-90.7195,60.01,77,1,9.22,clear sky
169,Oktyabrskiy,RU,54.4815,53.471,40.33,60,100,13.6,overcast clouds
170,Adrar,MR,20.5022,-10.0711,78.31,10,0,7.4,clear sky
171,Two Rivers,US,44.1539,-87.5693,46.0,81,75,3.44,broken clouds
172,Robertson,US,36.5167,-86.8667,46.4,100,90,4.03,overcast clouds
173,Pionerskiy,RU,54.9508,20.2275,53.6,54,0,8.95,clear sky
174,Nara,JP,34.6851,135.8049,64.4,42,20,6.91,few clouds
175,Leshukonskoye,RU,64.8989,45.7622,40.39,42,100,6.69,overcast clouds
176,Talovaya,RU,51.1144,40.73,57.09,45,36,5.14,scattered clouds
177,Muroto,JP,33.2833,134.15,64.4,52,0,9.22,clear sky
178,Port Elizabeth,ZA,-33.918,25.5701,64.4,94,90,16.11,light rain
179,Itarema,BR,-2.9248,-39.9167,74.03,93,100,4.9,overcast clouds
180,Dikson,RU,73.5069,80.5464,9.79,91,100,15.32,overcast clouds
181,Kanye,BW,-24.9667,25.3327,68.36,33,90,4.09,overcast clouds
182,Amahai,ID,-3.3333,128.9167,82.0,86,95,4.0,moderate rain
183,Hamada,JP,34.8833,132.0833,62.6,42,0,12.66,clear sky
184,Nalut,LY,30.3333,10.85,64.26,22,45,7.96,scattered clouds
185,Tuatapere,NZ,-46.1333,167.6833,57.99,82,98,4.97,overcast clouds
186,Fort Nelson,CA,58.8053,-122.7002,32.0,69,1,3.44,clear sky
187,Eureka,US,40.8021,-124.1637,48.99,92,100,1.01,overcast clouds
188,Kahului,US,20.8947,-156.47,71.6,78,1,6.91,clear sky
189,Ust-Kuyga,RU,70.0167,135.6,18.03,83,57,5.59,broken clouds
190,Diamantino,BR,-14.4086,-56.4461,70.86,86,40,2.68,scattered clouds
191,Clyde River,CA,70.4692,-68.5914,5.0,85,90,14.97,light snow
192,Isangel,VU,-19.55,169.2667,79.29,85,31,6.76,scattered clouds
193,Ust-Ishim,RU,57.6935,71.1665,24.44,39,100,11.16,overcast clouds
194,Nieuw Amsterdam,SR,5.8833,-55.0833,77.0,90,99,1.01,overcast clouds
195,Merauke,ID,-8.4667,140.3333,81.59,79,93,8.08,overcast clouds
196,Riviere-Au-Renard,CA,48.9957,-64.3971,39.2,70,90,4.61,overcast clouds
197,Castro,BR,-24.7911,-50.0119,54.64,93,96,6.22,overcast clouds
198,Porkhov,RU,57.765,29.5561,55.4,38,0,8.95,clear sky
199,Acarau,BR,-2.8856,-40.12,73.99,92,100,8.46,overcast clouds
200,Mahebourg,MU,-20.4081,57.7,84.2,74,75,11.5,broken clouds
201,Mitsamiouli,KM,-11.3847,43.2844,82.56,73,10,8.16,clear sky
202,Ilave,PE,-16.0833,-69.6667,34.09,67,0,2.8,clear sky
203,Buchanan,LR,5.8808,-10.0467,77.0,94,75,4.61,broken clouds
204,Belyy Yar,RU,53.6039,91.3903,50.0,29,0,31.32,clear sky
205,Palmer,US,42.1584,-72.3287,42.01,100,75,2.57,broken clouds
206,Hasaki,JP,35.7333,140.8333,73.0,30,20,6.91,few clouds
207,Camacha,PT,33.0833,-16.3333,62.6,72,20,11.5,few clouds
208,Nikolskoye,RU,59.7035,30.7861,53.01,40,0,13.42,clear sky
209,Inongo,CD,-1.95,18.2667,72.79,96,100,5.14,moderate rain
210,Nishihara,JP,26.1842,127.7558,71.6,53,75,13.8,broken clouds
211,Namatanai,PG,-3.6667,152.4333,81.7,77,57,6.8,light rain
212,Bengkulu,ID,-3.8004,102.2655,84.02,68,34,8.01,light rain
213,Saint George,US,37.1041,-113.5841,62.6,14,1,9.22,clear sky
214,Cairns,AU,-16.9167,145.7667,75.2,94,40,8.05,light rain
215,Pevek,RU,69.7008,170.3133,11.77,93,22,1.61,few clouds
216,Okitipupa,NG,6.5047,4.7839,82.85,68,96,2.57,overcast clouds
217,Kota Belud,MY,6.351,116.4305,89.6,66,20,5.75,few clouds
218,Pampa,US,35.5362,-100.9599,41.0,45,1,10.36,clear sky
219,Konstantinovsk,RU,47.5828,41.0922,53.22,82,100,2.08,overcast clouds
220,Zhanaozen,KZ,43.3,52.8,73.09,28,100,10.09,overcast clouds
221,Nizhnevartovsk,RU,60.9344,76.5531,14.0,48,0,13.42,clear sky
222,Torbay,CA,47.6666,-52.7314,37.99,100,90,2.3,mist
223,Marzuq,YE,14.4,46.4667,83.75,23,94,10.94,overcast clouds
224,Aksu,CN,41.1231,80.2644,73.69,20,98,9.62,overcast clouds
225,Odienne,CI,9.51,-7.5692,82.63,52,99,5.41,overcast clouds
226,Los Llanos De Aridane,ES,28.6585,-17.9182,64.4,68,20,11.5,few clouds
227,Nome,US,64.5011,-165.4064,35.6,75,20,6.91,few clouds
228,Dunedin,NZ,-45.8742,170.5036,55.99,72,93,1.99,overcast clouds
229,Karratha,AU,-20.7377,116.8463,85.21,51,64,12.95,broken clouds
230,Springbok,ZA,-29.6643,17.8865,78.15,22,5,4.07,clear sky
231,Rawalpindi,PK,33.6007,73.0679,82.0,31,87,5.99,overcast clouds
232,Saskylakh,RU,71.9167,114.0833,9.01,88,100,9.89,overcast clouds
233,Guerrero Negro,MX,27.9769,-114.0611,59.25,88,0,7.4,clear sky
234,Normandin,CA,48.8333,-72.5321,41.0,87,33,5.75,scattered clouds
235,Zhangjiakou,CN,40.81,114.8794,74.05,8,98,2.98,overcast clouds
236,Geraldton,AU,-28.7667,114.6,75.2,50,100,23.02,overcast clouds
237,Marystown,CA,47.1666,-55.1483,36.01,92,100,4.27,overcast clouds
238,Puerto El Triunfo,SV,13.2833,-88.55,77.0,100,20,2.3,few clouds
239,Rzhyshchiv,UA,49.9689,31.0463,54.0,66,20,8.95,few clouds
240,Ouesso,CG,1.6136,16.0517,72.01,92,100,1.19,overcast clouds
241,Touros,BR,-5.1989,-35.4608,73.4,100,40,3.44,scattered clouds
242,Sorland,NO,67.667,12.6934,46.4,81,0,13.8,clear sky
243,Lavrentiya,RU,65.5833,-171.0,24.39,84,100,7.09,overcast clouds
244,Calvinia,ZA,-31.4707,19.776,69.8,32,20,2.3,few clouds
245,Santiago,CL,-33.4569,-70.6483,64.99,93,20,0.72,few clouds
246,Sinnamary,GF,5.3833,-52.95,75.74,87,67,9.37,broken clouds
247,Ixtapa,MX,20.7,-105.2,65.08,75,3,3.33,clear sky
248,Kargasok,RU,59.0556,80.8572,14.77,65,100,18.52,overcast clouds
249,Sungairaya,ID,0.7,108.9,86.41,62,1,6.82,light rain
250,Lasa,IT,46.6166,10.7002,48.99,93,40,8.05,scattered clouds
251,Honningsvag,NO,70.9821,25.9704,39.2,60,0,20.71,clear sky
252,Ordzhonikidze,KZ,52.4411,61.7408,36.25,33,26,18.88,scattered clouds
253,Usinsk,RU,65.9939,57.5281,29.08,70,100,17.07,overcast clouds
254,Saint-Joseph,RE,-21.3667,55.6167,78.8,89,75,19.57,light rain
255,Bend,US,44.0582,-121.3153,46.4,46,1,6.02,clear sky
256,Lingao,CN,19.9103,109.6859,82.08,74,44,4.29,scattered clouds
257,Srandakan,ID,-7.9386,110.2506,84.42,68,28,14.27,scattered clouds
258,Sept-Iles,CA,50.2001,-66.3821,39.2,60,60,4.61,broken clouds
259,Juegang,CN,32.3174,121.1855,64.0,52,0,12.37,clear sky
260,Pabna,BD,24.0,89.25,104.09,9,3,9.17,clear sky
261,Kayerkan,RU,69.3497,87.7602,3.34,92,81,8.7,broken clouds
262,Sobolevo,RU,54.4299,31.8996,47.57,76,100,13.42,overcast clouds
263,Battle Creek,US,42.3212,-85.1797,48.2,46,90,12.66,overcast clouds
264,Santa Cruz Do Capibaribe,BR,-7.9575,-36.2047,69.69,96,100,2.04,overcast clouds
265,Umm Kaddadah,SD,13.6017,26.6876,95.67,4,43,8.23,scattered clouds
266,San Cristobal,VE,7.7669,-72.225,66.72,76,99,3.38,overcast clouds
267,Tazovskiy,RU,67.4667,78.7,6.12,88,79,11.86,broken clouds
268,Moba,CN,33.2288,105.0179,51.15,73,100,4.74,overcast clouds
269,Ahipara,NZ,-35.1667,173.1667,57.87,78,74,5.97,broken clouds
270,Taltal,CL,-25.4,-70.4833,61.79,83,64,2.59,broken clouds
271,Sambava,MG,-14.2667,50.1667,80.11,81,12,14.76,moderate rain
272,Kananga,CD,-5.8958,22.4178,79.47,63,100,6.82,overcast clouds
273,Muisne,EC,0.6,-80.0333,74.59,85,93,3.91,overcast clouds
274,Arlit,NE,18.7369,7.3853,95.52,4,0,5.88,clear sky
275,Chuy,UY,-33.6971,-53.4616,61.32,79,97,6.08,overcast clouds
276,Lata,PT,40.1629,-8.3327,57.99,97,91,1.59,overcast clouds
277,Barkhan,PK,29.8977,69.5256,84.33,13,95,8.79,overcast clouds
278,Yarada,IN,17.65,83.2667,87.87,67,0,17.52,clear sky
279,Saint Anthony,US,45.0205,-93.218,37.4,70,90,16.11,overcast clouds
280,Kirakira,SB,-10.4544,161.9205,81.41,82,54,7.72,broken clouds
281,Marabba,SD,12.35,32.1833,100.44,8,11,9.19,few clouds
282,Lethem,GY,3.3803,-59.7968,73.18,79,100,10.74,overcast clouds
283,Husavik,IS,66.0449,-17.3389,35.6,44,20,8.05,few clouds
284,Hamilton,US,39.1834,-84.5333,50.0,76,60,3.51,broken clouds
285,Dauphin,CA,51.1494,-100.0502,19.4,79,1,8.05,clear sky
286,Vardo,NO,70.3705,31.1107,41.0,60,0,9.22,clear sky
287,Juneau,US,58.3019,-134.4197,45.0,70,1,7.36,clear sky
288,Lagoa,PT,39.05,-27.9833,60.76,87,56,9.57,broken clouds
289,Sao Felix Do Xingu,BR,-6.6447,-51.995,69.1,98,76,1.52,broken clouds
290,Santa Catarina De Tepehuanes,MX,25.35,-105.7333,46.29,69,49,4.9,scattered clouds
291,Windhoek,NA,-22.5594,17.0832,64.99,64,12,1.99,few clouds
292,Longyearbyen,SJ,78.2186,15.6401,37.4,75,75,13.8,light snow
293,Tabou,CI,4.423,-7.3528,80.17,81,100,3.11,overcast clouds
294,Narsaq,GL,60.9167,-46.05,28.4,43,90,2.3,overcast clouds
295,Gamba,GA,-2.65,10.0,80.94,77,100,2.42,overcast clouds
296,Nemuro,JP,43.3236,145.575,50.0,62,75,2.3,broken clouds
297,Byron Bay,AU,-28.65,153.6167,69.8,68,0,5.75,clear sky
298,Codrington,AU,-38.2667,141.9667,61.83,63,57,11.86,broken clouds
299,Kaduqli,SD,11.0167,29.7167,101.61,6,83,4.72,broken clouds
300,Pirassununga,BR,-21.9961,-47.4258,59.23,97,3,5.86,clear sky
301,Barrie,CA,44.4001,-79.6663,36.0,93,1,1.14,clear sky
302,Aloleng,PH,16.1307,119.7824,83.08,64,52,13.73,broken clouds
303,Charcas,MX,23.1333,-101.1167,48.15,88,42,8.14,scattered clouds
304,Coquimbo,CL,-29.9533,-71.3436,55.4,88,75,8.05,broken clouds
305,Aklavik,CA,68.2191,-135.0107,41.0,52,98,4.61,overcast clouds
306,Ciechanow,PL,52.8814,20.62,61.0,100,0,3.44,clear sky
307,Pisco,PE,-13.7,-76.2167,66.2,82,34,4.61,scattered clouds
308,San Bartolome De Tirajana,ES,27.9248,-15.5733,66.2,63,20,17.27,few clouds
309,Norman Wells,CA,65.282,-126.8329,39.2,60,1,6.91,clear sky
310,Shenavan,AM,40.0549,43.9288,71.6,35,0,5.75,clear sky
311,Port Moresby,PG,-9.4431,147.1797,79.63,79,73,1.9,broken clouds
312,Poum,NC,-20.2333,164.0167,79.12,76,96,7.25,overcast clouds
313,Zaysan,KZ,47.4667,84.8667,59.41,47,95,4.09,overcast clouds
314,Bahia Blanca,AR,-38.7196,-62.2724,68.38,74,45,14.03,scattered clouds
315,Tura,IN,25.5198,90.2201,92.57,21,2,6.6,clear sky
316,Esperance,AU,-33.8667,121.9,68.0,64,75,14.97,broken clouds
317,Chambas,CU,22.1928,-78.9136,77.0,94,20,5.75,few clouds
318,Vostok,RU,46.4856,135.8833,50.13,47,100,10.56,overcast clouds
319,Ouadda,CF,8.0777,22.4007,91.35,36,95,6.24,overcast clouds
320,Alanya,TR,36.5438,31.9998,77.0,53,75,4.61,light rain
321,Taoudenni,ML,22.6783,-3.9836,81.66,8,62,17.4,broken clouds
322,Kuhdasht,IR,33.535,47.6061,75.2,22,0,2.3,clear sky
323,Glenwood Springs,US,39.5505,-107.3248,32.0,54,16,6.91,few clouds
324,Muros,ES,42.7762,-9.0603,55.99,92,71,4.45,broken clouds
325,Visnes,NO,59.3556,5.2242,55.4,47,0,9.22,clear sky
326,Ballina,AU,-28.8667,153.5667,69.8,68,0,5.75,clear sky
327,Binucayan,PH,8.25,125.7167,87.67,54,100,5.5,overcast clouds
328,Portland,US,45.5234,-122.6762,57.0,48,98,0.27,overcast clouds
329,Oranjemund,NA,-28.55,16.4333,68.38,68,2,7.2,clear sky
330,Suwalki,PL,54.1118,22.9309,55.89,60,0,5.93,clear sky
331,Mukhen,RU,48.1,136.1,50.31,58,76,5.99,broken clouds
332,Antofagasta,CL,-23.65,-70.4,64.4,72,90,2.3,overcast clouds
333,Patan,NP,27.6667,85.3333,78.8,34,20,6.91,few clouds
334,Weligama,LK,5.9667,80.4167,86.31,64,64,10.11,broken clouds
335,Leh,IN,34.1667,77.5833,38.1,30,52,5.91,broken clouds
336,Chapais,CA,49.7834,-74.8492,30.2,93,20,2.3,few clouds
337,Butajira,ET,8.1167,38.3667,61.61,59,100,6.26,overcast clouds
338,Russell,US,32.3502,-85.1999,59.0,76,75,5.97,broken clouds
339,Nuuk,GL,64.1835,-51.7216,24.8,68,90,19.57,light snow
340,Samarai,PG,-10.6167,150.6667,82.54,78,99,11.86,overcast clouds
341,Margate,GB,51.3813,1.3862,44.01,82,0,4.0,clear sky
342,Ritchie,ZA,-29.038,24.6028,71.6,40,0,2.3,clear sky
343,Rawson,AR,-43.3002,-65.1023,67.66,47,49,20.0,scattered clouds
344,Horodnytsya,UA,50.807,27.3168,49.08,66,82,7.14,broken clouds
345,Harper,LR,4.375,-7.7169,80.74,80,92,2.17,overcast clouds
346,Omsukchan,RU,62.5333,155.8,28.13,93,97,7.67,overcast clouds
347,Bjornevatn,NO,69.6672,29.9847,44.6,53,0,5.75,clear sky
348,Tommot,RU,58.9564,126.2925,24.1,76,100,9.46,overcast clouds
349,Lima,PE,-12.0432,-77.0282,66.2,88,0,5.75,clear sky
350,Jose De Freitas,BR,-4.7564,-42.5756,73.4,94,75,2.3,moderate rain
351,Dongying,CN,37.4564,118.4856,82.35,16,51,9.15,broken clouds
352,Rongcheng,CN,30.634,117.8517,75.38,41,79,2.26,broken clouds
353,Salcedo,PH,12.8105,121.4674,85.01,66,100,5.46,overcast clouds
354,Ilulissat,GL,69.2167,-51.1,10.4,56,100,27.63,mist
355,Pangnirtung,CA,66.1451,-65.7125,4.62,80,86,6.71,overcast clouds
356,Saint-Pierre,RE,-21.3393,55.4781,78.8,89,75,19.57,light rain
357,Jiazi,CN,22.8779,116.067,71.82,55,91,18.9,overcast clouds
358,Cabra,ES,37.4725,-4.4421,57.99,55,100,3.15,overcast clouds
359,Copiapo,CL,-27.3667,-70.3333,57.2,88,90,5.75,overcast clouds
360,Slavutych,UA,51.5196,30.7343,50.95,63,15,7.56,few clouds
361,Leningradskiy,RU,69.3833,178.4167,23.99,72,8,14.5,clear sky
362,Nanortalik,GL,60.1432,-45.2371,29.86,54,74,7.61,broken clouds
363,Mundargi,IN,15.2167,75.9,98.08,21,2,5.1,clear sky
364,Korla,CN,41.7597,86.1469,72.27,18,100,8.81,overcast clouds
365,Katsuura,JP,35.1333,140.3,73.0,47,0,5.01,clear sky
366,Phalaborwa,ZA,-23.943,31.1411,71.6,53,0,6.91,clear sky
367,Brandon,US,27.9378,-82.2859,71.6,100,40,5.28,mist
368,Port Lincoln,AU,-34.7333,135.8667,63.05,63,58,15.35,broken clouds
369,Kalanguy,RU,51.0167,116.5167,40.32,15,77,9.57,broken clouds
370,Kemijarvi,FI,66.7131,27.4306,40.55,95,81,6.8,broken clouds
371,Cayenne,GF,4.9333,-52.3333,79.0,100,75,2.3,broken clouds
372,The Pas,CA,53.8251,-101.2541,24.8,68,75,6.91,broken clouds
373,Tefe,BR,-3.3542,-64.7114,72.28,99,100,2.57,light rain
374,Rizhao,CN,35.4275,119.4553,67.42,42,1,11.12,clear sky
375,Rovaniemi,FI,66.5,25.7167,46.4,46,0,6.91,clear sky
376,Bundaberg,AU,-24.85,152.35,73.99,56,5,10.36,clear sky
377,Shingu,JP,33.7333,135.9833,62.6,51,0,12.66,clear sky
378,Wamba,NG,8.9333,8.6,84.92,50,88,4.14,overcast clouds
379,Pochutla,MX,15.7432,-96.4661,77.0,82,5,1.01,clear sky
380,Alakurtti,RU,66.9672,30.3491,39.97,92,62,5.14,broken clouds
381,Gornyy,RU,55.1153,83.9059,26.01,47,100,4.0,overcast clouds
382,Mehamn,NO,71.0357,27.8492,46.4,42,0,16.11,clear sky
383,Grootfontein,NA,-19.5667,18.1167,67.69,38,0,12.82,clear sky
384,Afyonkarahisar,TR,38.75,30.6667,55.4,82,75,8.05,broken clouds
385,Healdsburg,US,38.6105,-122.8692,52.0,81,1,4.61,clear sky
386,Arroyo,ES,41.6096,-4.7969,54.0,66,0,4.61,clear sky
387,Biak,ID,-0.9131,122.8766,81.66,68,100,2.37,overcast clouds
388,Baiyin,CN,36.5583,104.2081,57.2,24,20,15.66,light rain
389,Zhoucheng,CN,35.9122,116.3117,79.18,25,0,11.59,clear sky
390,Bambous Virieux,MU,-20.3428,57.7575,84.2,74,75,11.5,broken clouds
391,Montepuez,MZ,-13.1256,38.9997,73.81,65,42,8.5,scattered clouds
392,Pontes E Lacerda,BR,-15.2261,-59.3353,69.24,96,5,1.81,clear sky
393,Ndele,CF,8.4109,20.6473,91.02,39,100,7.36,overcast clouds
394,Goya,AR,-29.14,-59.2626,61.14,92,0,5.59,clear sky
395,Illela,NG,13.7292,5.2975,93.58,25,92,8.77,overcast clouds
396,Akdepe,TM,42.0551,59.3788,78.8,22,90,11.5,overcast clouds
397,Dire,ML,12.2833,-10.9667,90.57,30,100,7.4,overcast clouds
398,Whitley Bay,GB,55.0397,-1.4471,45.0,70,0,5.35,clear sky
399,Nesna,NO,66.1967,13.0213,48.2,61,0,10.87,clear sky
400,Bud,US,39.447,-86.1758,44.01,89,6,5.95,clear sky
401,Matagami,CA,49.7502,-77.6328,26.6,86,1,4.41,clear sky
402,Rocha,UY,-34.4833,-54.3333,56.07,91,56,3.74,broken clouds
403,Mount Gambier,AU,-37.8333,140.7667,62.6,63,90,13.8,overcast clouds
404,Molochnoye,RU,59.2917,39.6787,43.11,43,3,14.14,clear sky
405,Beruwala,LK,6.4788,79.9828,86.09,64,66,8.68,broken clouds
406,Hay River,CA,60.8156,-115.7999,28.4,86,98,2.64,overcast clouds
407,Kempele,FI,64.9131,25.5034,51.8,43,0,6.91,clear sky
408,Maniitsoq,GL,65.4167,-52.9,16.09,61,98,13.44,overcast clouds
409,Bolivar,US,37.6145,-93.4105,44.01,84,0,7.47,clear sky
410,Port Hawkesbury,CA,45.6169,-61.3485,35.01,100,90,14.97,light rain
411,Lompoc,US,34.6391,-120.4579,48.2,93,0,5.75,clear sky
412,Chifeng,CN,42.2683,118.9636,70.02,15,5,12.17,clear sky
413,Sisimiut,GL,66.9395,-53.6735,17.38,67,99,16.37,overcast clouds
414,Tortoli,IT,39.9256,9.6572,57.2,38,20,8.05,few clouds
415,Honolulu,US,21.3069,-157.8583,75.2,64,20,10.36,few clouds
416,Okara,PK,30.8081,73.4458,96.44,14,53,7.11,broken clouds
417,Eyl,SO,7.9803,49.8164,88.48,58,13,14.16,few clouds
418,Mount Isa,AU,-20.7333,139.5,87.8,22,7,8.05,clear sky
419,Domoni,KM,-12.2569,44.5319,83.34,73,20,5.08,few clouds
420,Dingle,PH,10.9995,122.6711,83.5,65,100,10.67,heavy intensity rain
421,Gat,IL,31.61,34.7642,99.0,17,100,17.0,overcast clouds
422,Srednekolymsk,RU,67.45,153.6833,26.96,82,59,10.25,broken clouds
423,Moratuwa,LK,6.773,79.8816,89.6,66,40,10.36,scattered clouds
424,Kikwit,CD,-5.041,18.8162,78.49,74,100,4.12,overcast clouds
425,Durango,MX,24.8333,-104.8333,53.08,41,93,6.4,overcast clouds
426,Masterton,NZ,-40.9597,175.6575,62.01,81,97,3.0,overcast clouds
427,Boueni,YT,-12.9025,45.0761,86.0,74,75,9.93,broken clouds
428,Masvingo,ZW,-20.0637,30.8277,68.11,48,0,7.29,clear sky
429,Chateau-Thierry,FR,49.05,3.4,46.99,82,99,1.99,overcast clouds
430,Kalianget,ID,-7.05,113.9333,84.87,62,38,6.44,scattered clouds
431,Bosaso,SO,11.2842,49.1816,86.0,79,20,14.97,few clouds
432,Imbituba,BR,-28.24,-48.6703,69.8,88,75,9.22,light rain
433,Morlaix,FR,48.5833,-4.0,51.8,66,0,4.61,clear sky
434,Faya,SA,18.3851,42.4509,77.0,16,0,12.66,clear sky
435,Yankton,US,42.8711,-97.3973,35.6,69,90,19.57,light snow
436,Berdigestyakh,RU,62.0989,126.6992,21.74,79,100,8.88,overcast clouds
437,Nyurba,RU,63.2842,118.3319,23.65,67,100,4.7,overcast clouds
438,Paita,PE,-5.0892,-81.1144,71.26,77,100,6.06,overcast clouds
439,Buraydah,SA,26.326,43.975,86.0,26,0,5.75,clear sky
440,Yar-Sale,RU,66.8333,70.8333,12.45,82,25,11.27,scattered clouds
441,Veinticinco De Mayo,AR,-35.4323,-60.1727,59.0,99,0,1.99,clear sky
442,Erdenet,MN,49.0333,104.0833,57.96,18,7,13.82,clear sky
443,Grand Gaube,MU,-20.0064,57.6608,84.0,71,49,8.99,scattered clouds
444,San Ramon,US,37.7799,-121.978,59.0,55,1,6.91,clear sky
445,Qasigiannguit,GL,68.8193,-51.1922,10.4,56,100,27.63,mist
446,Necochea,AR,-38.5473,-58.7368,62.01,93,49,11.01,scattered clouds
447,Niamey,NE,13.5137,2.1098,87.8,35,90,6.91,overcast clouds
448,Khuzdar,PK,27.7384,66.6434,83.41,15,100,13.6,overcast clouds
449,Bunia,CD,1.5667,30.25,78.26,54,86,11.41,overcast clouds
450,Beira,MZ,-19.8436,34.8389,75.2,78,20,8.52,few clouds
451,Corpus Christi,US,27.8006,-97.3964,64.4,88,90,3.44,overcast clouds
452,Salalah,OM,17.0151,54.0924,86.0,66,40,8.05,scattered clouds
453,Otacilio Costa,BR,-27.4831,-50.1219,50.07,99,28,1.66,scattered clouds
454,Mao,ES,39.8885,4.2658,57.2,72,20,10.36,few clouds
455,Grafton,US,42.207,-71.6856,44.01,90,19,3.33,few clouds
456,Isiro,CD,2.7739,27.616,86.4,46,99,4.14,overcast clouds
457,Panguna,PG,-6.3164,155.4848,72.25,94,35,0.54,light rain
458,Ulagan,RU,50.6321,87.9563,47.52,60,99,14.54,moderate rain
459,Meulaboh,ID,4.1363,96.1285,84.74,60,95,4.72,overcast clouds
460,Santa Rosa,PH,14.3122,121.1114,91.0,55,75,11.5,broken clouds
461,Port Macquarie,AU,-31.4333,152.9167,63.0,81,0,3.09,clear sky
462,Sangin,AF,32.0728,64.8359,87.15,10,98,11.23,overcast clouds
463,Padang,ID,-0.9492,100.3543,84.94,66,31,5.37,scattered clouds
464,Mayo,US,38.8876,-76.5119,52.0,82,40,3.89,scattered clouds
465,Nebolchi,RU,59.1239,33.3454,48.45,49,8,9.4,clear sky
466,Svetlogorsk,BY,52.6333,29.7333,50.85,62,54,8.99,broken clouds
467,La Rioja,ES,42.25,-2.5,48.99,81,0,3.33,clear sky
468,Realeza,BR,-25.7689,-53.5325,59.61,81,0,4.36,clear sky
469,Dayong,CN,25.0209,118.2898,75.2,33,20,13.42,few clouds
470,Columbus,US,39.9612,-82.9988,44.6,76,20,2.42,few clouds
471,Vestmannaeyjar,IS,63.4427,-20.2734,38.62,58,100,12.01,overcast clouds
472,Ferry Pass,US,30.5102,-87.2125,62.01,72,1,10.36,clear sky
473,Lisakovsk,KZ,52.5369,62.4936,36.61,31,49,18.07,scattered clouds
474,Quesnel,CA,52.9999,-122.5029,35.6,51,1,3.44,clear sky
475,Yaan,NG,7.3833,8.5667,83.35,60,97,9.78,overcast clouds
476,Atherton,GB,53.5237,-2.4935,52.0,57,62,1.99,broken clouds
477,Monmouth,US,40.3001,-74.1663,50.0,81,90,3.44,overcast clouds
478,Wladyslawowo,PL,54.7909,18.4009,57.99,50,0,8.05,clear sky
479,Flinders,AU,-34.5833,150.8552,64.4,59,0,5.75,clear sky
480,Takoradi,GH,4.8845,-1.7554,80.78,79,100,4.72,overcast clouds
481,Naze,JP,28.3667,129.4833,71.6,46,20,9.22,few clouds
482,Puerto Carreno,CO,6.189,-67.4859,75.74,70,100,3.33,overcast clouds
483,Ulladulla,AU,-35.35,150.4667,64.4,59,0,5.75,clear sky
484,Batagay-Alyta,RU,67.8006,130.4114,15.75,73,87,4.81,overcast clouds
485,Salta,AR,-24.7859,-65.4117,62.6,94,75,3.44,broken clouds
486,Santiago Del Estero,AR,-27.7951,-64.2615,73.69,59,93,10.16,overcast clouds
487,Christchurch,NZ,-43.5333,172.6333,59.0,82,40,2.3,scattered clouds
488,Puerto Castilla,HN,16.0167,-85.9667,81.0,95,100,5.93,overcast clouds
489,Irtyshskiy,RU,58.3333,68.1333,26.83,39,100,10.94,overcast clouds
490,Sioux Lookout,CA,50.1001,-91.917,23.0,68,90,11.5,light snow
491,Udachnyy,RU,66.4167,112.4,15.15,57,100,3.27,overcast clouds
492,Mucurapo,TT,10.6667,-61.5333,78.01,83,20,8.72,few clouds
493,Jalu,LY,29.0331,21.5482,79.23,32,100,21.18,overcast clouds
494,Maceio,BR,-9.6658,-35.7353,71.6,94,20,3.44,few clouds
495,Guhagar,IN,17.4842,73.1929,92.57,47,0,13.11,clear sky
496,Srostki,RU,52.4189,85.7022,30.02,80,100,7.78,overcast clouds
497,Ler,SS,8.3018,30.1418,98.83,26,38,10.49,scattered clouds
498,Gayny,RU,60.3071,54.3241,37.02,38,1,4.36,clear sky
499,Puri,IN,19.8,85.85,100.4,32,20,6.91,few clouds
500,Mujiayingzi,CN,42.1167,118.7833,68.9,17,4,12.1,clear sky
501,Praya,CV,14.9215,-23.5087,69.8,78,75,16.11,broken clouds
502,Hofn,IS,64.2539,-15.2082,36.45,69,19,5.08,few clouds
503,Altamira,BR,-3.2033,-52.2064,70.61,98,99,1.32,overcast clouds
504,Yei,SS,4.095,30.6779,87.6,42,68,11.27,broken clouds
505,Barcelona,ES,41.3888,2.159,57.99,66,20,5.75,few clouds
506,Robertsonpet,IN,12.9667,78.2833,91.4,33,40,2.3,scattered clouds
507,Lom Sak,TH,16.7798,101.2422,78.8,89,40,1.14,light rain
508,San Quintin,MX,30.4833,-115.95,59.86,62,0,1.21,clear sky
509,Petatlan,MX,17.5167,-101.2667,68.83,56,3,3.76,clear sky
510,Pak Chong,TH,14.708,101.4161,95.0,57,94,4.27,overcast clouds
511,Guarapari,BR,-20.6667,-40.4975,73.4,88,0,3.24,clear sky
512,Bathsheba,BB,13.2167,-59.5167,78.8,61,40,17.27,scattered clouds
513,Lebork,PL,54.5392,17.7501,57.99,50,0,8.05,clear sky
514,Taiyuan,CN,37.8694,112.5603,78.8,18,0,4.47,clear sky
515,Deogarh,IN,21.5333,84.7333,104.76,10,73,9.53,broken clouds
516,Kolyvan,RU,55.3053,82.7391,26.6,46,75,15.66,broken clouds
517,Gornopravdinsk,RU,60.05,69.9,22.51,47,100,10.85,overcast clouds
518,Tarko-Sale,RU,64.9225,77.785,8.01,61,62,20.07,heavy snow
519,Fairbanks,US,64.8378,-147.7164,41.0,56,1,3.36,clear sky
520,Kenora,CA,49.8167,-94.4337,24.8,63,90,9.22,overcast clouds
521,Egvekinot,RU,66.3167,-179.1667,16.0,95,99,4.27,overcast clouds
522,Plainview,US,40.7765,-73.4673,51.01,87,1,4.23,clear sky
523,Flin Flon,CA,54.7682,-101.865,20.5,83,83,4.16,broken clouds
524,Chernyshevskiy,RU,63.0128,112.4714,23.68,67,100,5.35,overcast clouds
525,Kameoka,JP,35.0,135.5833,66.0,45,20,8.05,few clouds
526,Marmaris,TR,36.855,28.2742,71.6,56,75,3.44,broken clouds
527,Itaituba,BR,-4.2761,-55.9836,72.09,99,100,0.89,overcast clouds
528,Ponta Do Sol,PT,32.6667,-17.1,62.01,66,0,1.99,clear sky
529,Tarakan,ID,3.3,117.6333,91.4,62,20,4.61,few clouds
530,Bandarbeyla,SO,9.4942,50.8122,86.02,66,9,11.56,clear sky
531,Koumac,NC,-20.5667,164.2833,77.49,81,99,4.18,overcast clouds
532,Teacapan,MX,22.55,-105.75,67.37,83,52,4.16,broken clouds
533,Kalmunai,LK,7.4167,81.8167,87.67,61,66,9.51,broken clouds
534,Macas,EC,-2.3167,-78.1167,65.3,96,100,2.71,overcast clouds
535,Elizabeth City,US,36.2946,-76.2511,51.8,87,40,5.64,scattered clouds
536,Araouane,ML,18.9048,-3.5265,80.67,14,2,15.28,clear sky
537,Andenes,NO,69.3143,16.1194,50.0,50,0,17.27,clear sky
538,Krasnyy Yar,RU,46.5331,48.3456,69.8,28,0,4.47,clear sky
539,Grindavik,IS,63.8424,-22.4338,32.0,86,40,8.05,snow
540,Tomatlan,MX,19.9333,-105.25,62.53,83,4,3.74,clear sky
541,Nioki,CD,-2.7167,17.6833,74.08,93,100,3.0,light rain
542,Shitanjing,CN,39.2342,106.3439,65.37,11,100,6.02,overcast clouds
543,Lerwick,GB,60.1545,-1.1494,46.4,76,0,11.5,clear sky
544,Dandong,CN,40.1292,124.3947,62.17,43,1,10.67,clear sky
545,Bayan,CN,46.0833,127.4,58.71,41,2,23.78,clear sky
546,Bredy,RU,52.4153,60.3411,36.32,30,30,20.31,scattered clouds
547,Baoying,CN,33.2292,119.3092,71.26,39,0,8.34,light rain
548,Khandbari,NP,27.3747,87.2039,83.95,24,53,6.6,broken clouds
549,Manutuke,NZ,-38.6833,177.9167,57.0,73,100,4.0,overcast clouds
550,Chumikan,RU,54.7183,135.315,31.37,95,100,3.76,light snow
551,Tam Ky,VN,15.5667,108.4833,87.8,58,20,9.22,few clouds
552,Valparaiso,CL,-33.0393,-71.6273,55.99,79,76,1.34,broken clouds
553,Birao,CF,10.2849,22.7882,94.8,25,100,6.44,overcast clouds
554,Ahuimanu,US,21.4447,-157.8378,75.2,73,75,6.91,broken clouds
555,Linhares,BR,-19.3911,-40.0722,69.3,97,47,3.74,scattered clouds
556,Otjiwarongo,NA,-20.4637,16.6477,69.87,40,2,16.11,clear sky
557,Alice Springs,AU,-23.7,133.8833,75.2,15,0,8.05,clear sky
558,Santa Isabel Do Rio Negro,BR,-0.4139,-65.0192,72.39,99,100,1.97,overcast clouds
559,Lisala,CD,2.15,21.5167,71.35,97,100,1.12,overcast clouds
560,Tongzi,CN,28.7829,105.0877,61.27,82,100,4.21,overcast clouds
561,Tukrah,LY,32.5341,20.5791,64.31,65,97,13.96,overcast clouds
562,Luba,GQ,3.4568,8.5547,80.6,83,20,3.44,heavy intensity rain
563,Den Helder,NL,52.9599,4.7593,51.01,93,20,9.22,few clouds
564,Sungaipenuh,ID,-2.0833,101.3833,74.41,76,68,3.89,broken clouds
565,Fort-Shevchenko,KZ,44.5086,50.263,60.42,60,100,8.9,overcast clouds
566,Naldurg,IN,17.8167,76.3,99.68,13,1,7.54,clear sky
567,Ilebo,CD,-4.3167,20.5833,78.28,79,100,2.51,overcast clouds
568,Alexandria,EG,31.2156,29.9553,82.4,44,100,3.44,overcast clouds
569,Asfi,MA,32.2994,-9.2372,63.27,68,3,14.18,clear sky
570,Sala,MA,34.0389,-6.8166,64.0,100,2,3.96,clear sky
571,Kuala Terengganu,MY,5.3302,103.1408,89.6,66,40,5.75,scattered clouds
572,Alofi,NU,-19.0595,-169.9187,71.6,88,65,3.44,broken clouds
573,Masindi,UG,1.6744,31.715,79.93,55,100,4.16,light rain
574,Monrovia,LR,6.3005,-10.7969,77.0,94,75,4.61,broken clouds
575,Kaputa,ZM,-8.4689,29.6619,69.93,76,99,5.91,overcast clouds
576,Balgazyn,RU,51.0,95.2,61.39,14,100,15.77,overcast clouds
577,Khokhryaki,RU,56.9156,53.3221,39.99,30,0,5.99,clear sky
578,Shimoda,JP,34.6667,138.95,64.4,52,0,4.61,clear sky
579,Bilibino,RU,68.0546,166.4372,17.31,94,28,4.14,scattered clouds
580,Boddam,GB,57.4667,-1.7833,48.99,71,85,11.5,overcast clouds
581,Mareeba,AU,-17.0,145.4333,75.2,94,40,8.05,light rain
582,Coahuayana,MX,18.7333,-103.6833,64.87,67,52,4.56,broken clouds
583,Tera,NE,14.0078,0.7531,93.13,33,72,15.73,broken clouds
584,Xining,CN,36.6167,101.7667,47.86,54,100,9.75,light rain
585,Tambura,SS,5.6,27.4667,88.92,38,100,6.49,overcast clouds
586,San Fernando,PH,15.0286,120.6898,95.0,43,75,9.22,broken clouds
587,Anito,PH,12.4497,125.2886,73.49,92,100,29.33,moderate rain
588,Taksimo,RU,56.3444,114.8794,28.99,49,10,2.51,clear sky
589,Penzance,GB,50.1186,-5.5371,48.99,76,20,14.97,few clouds
590,Mormugao,IN,15.4,73.8,86.22,67,5,12.12,clear sky
591,Marsabit,KE,2.3284,37.9899,73.45,61,31,14.7,scattered clouds
592,Tual,ID,-5.6667,132.75,82.69,71,91,6.78,overcast clouds
593,Tynda,RU,55.1667,124.7167,25.39,63,100,16.82,overcast clouds
594,Vitim,RU,59.4511,112.5578,33.17,69,91,6.76,overcast clouds
595,Pingliang,CN,35.5392,106.6861,62.96,49,100,13.13,light rain
596,Sassandra,CI,4.95,-6.0833,79.5,86,74,3.98,broken clouds
597,Likasi,CD,-10.9814,26.7333,66.52,69,95,8.81,overcast clouds
598,Ancud,CL,-41.8697,-73.8203,57.2,100,90,13.8,light rain
599,Keuruu,FI,62.2667,24.7,51.8,43,0,4.61,clear sky
600,Lokosovo,RU,61.1333,74.8167,13.37,64,100,14.32,overcast clouds
601,Sabha,LY,27.0377,14.4283,69.78,46,37,20.02,scattered clouds
602,Kisangani,CD,0.5167,25.2,78.8,83,75,4.21,light rain
603,Iralaya,HN,15.0,-83.2333,79.39,85,100,8.77,overcast clouds
604,Lumding,IN,25.7535,93.1732,91.44,29,69,5.39,broken clouds
605,Mitchell,US,43.7094,-98.0298,32.0,59,90,20.71,overcast clouds
606,Nchelenge,ZM,-9.3451,28.734,71.19,68,100,4.74,overcast clouds
607,Pacific Grove,US,36.6177,-121.9166,50.0,87,1,3.8,clear sky
608,Bonavista,CA,48.6499,-53.1147,35.6,100,100,8.34,light rain
609,Aginskoye,RU,51.1,114.53,47.39,19,40,7.81,scattered clouds
610,Syamzha,RU,60.0158,41.0614,42.75,40,3,9.91,clear sky
611,Acapulco,MX,16.8634,-99.8901,74.03,61,11,4.97,few clouds
612,Cascais,PT,38.6979,-9.4215,61.0,77,20,8.3,few clouds
613,Indianola,US,41.3581,-93.5574,48.2,57,40,9.22,scattered clouds
614,Hornepayne,CA,49.2138,-84.7705,33.35,95,100,9.53,overcast clouds
615,Pasaco,GT,13.9772,-90.2064,80.6,94,20,0.22,few clouds
616,Gainesville,US,29.6516,-82.3248,66.99,94,90,5.28,overcast clouds
617,Itoman,JP,26.1247,127.6694,71.6,53,75,14.97,broken clouds
618,General Roca,AR,-39.0333,-67.5833,62.6,94,0,3.44,clear sky
619,Vallenar,CL,-28.5708,-70.7581,59.05,81,3,1.92,clear sky
620,Nancha,CN,47.1333,129.2667,61.0,34,36,14.47,scattered clouds
621,Ukiah,US,39.1502,-123.2078,55.4,50,1,4.14,clear sky
622,Sechura,PE,-5.5569,-80.8222,72.01,73,100,9.28,overcast clouds
623,Santa Fe,AR,-31.6333,-60.7,66.99,82,0,1.01,clear sky
624,Plougastel-Daoulas,FR,48.3667,-4.3667,50.0,66,0,5.75,clear sky
625,Hailey,US,43.5196,-114.3153,41.0,48,1,9.22,clear sky
626,Atlantic Beach,US,30.3344,-81.3987,68.0,94,90,7.67,mist
627,Marienburg,PL,54.0359,19.0266,54.0,100,5,8.01,clear sky
628,Berea,US,41.3662,-81.8543,46.0,81,20,3.44,few clouds
629,Maragogi,BR,-9.0122,-35.2225,75.2,85,77,2.24,broken clouds
630,Novobirilyussy,RU,56.9514,90.6661,19.31,88,100,20.62,snow
631,Berlevag,NO,70.8578,29.0864,46.4,42,0,16.11,clear sky
632,Caravelas,BR,-17.7125,-39.2481,71.49,95,57,4.92,broken clouds
633,Tebingtinggi,ID,3.3285,99.1625,89.6,66,40,9.22,scattered clouds
634,San Policarpo,PH,12.1791,125.5072,74.55,91,100,28.99,moderate rain
635,Puerto Escondido,MX,15.85,-97.0667,76.98,67,0,5.1,clear sky
636,Roebourne,AU,-20.7833,117.1333,84.51,51,67,11.68,broken clouds
637,Sheridan,US,44.8333,-106.9173,28.99,93,90,5.75,light snow
638,Taklisah,TN,36.7833,10.6333,55.4,67,20,12.66,few clouds
639,La Ronge,CA,55.1001,-105.2842,30.2,55,99,4.61,overcast clouds
640,Samur,RU,41.8253,48.486,65.3,55,59,8.61,broken clouds
641,Richards Bay,ZA,-28.783,32.0377,76.71,46,0,11.05,clear sky
642,Rabo De Peixe,PT,37.8,-25.5833,59.0,82,20,4.61,few clouds
643,Vaitape,PF,-16.5167,-151.75,82.42,74,23,15.37,light rain
644,Pizarro,CO,4.9533,-77.366,76.03,90,100,2.8,overcast clouds
645,Asau,RO,46.4333,26.4,46.99,52,100,2.15,overcast clouds
646,Izhma,RU,65.0083,53.9113,36.19,45,60,7.61,broken clouds
647,Semnan,IR,35.5729,53.3971,78.4,17,87,5.64,overcast clouds
648,Uyuni,BO,-20.4597,-66.825,41.14,29,0,6.02,clear sky
649,Roma,US,43.2128,-75.4557,37.99,80,75,3.44,broken clouds
650,Paamiut,GL,61.994,-49.6678,30.87,82,100,17.47,overcast clouds
651,Odweyne,SO,9.4092,45.064,79.72,48,100,7.81,overcast clouds
652,Moranbah,AU,-22.0016,148.0466,74.75,61,48,13.96,scattered clouds
653,Kiama,AU,-34.6833,150.8667,64.4,59,0,5.75,clear sky
654,Arcachon,FR,44.5875,-1.0519,54.0,93,20,4.47,few clouds
655,Hualmay,PE,-11.0964,-77.6139,66.88,87,61,5.55,broken clouds
656,Ikom,NG,5.9667,8.7063,80.42,76,100,2.44,overcast clouds
657,Qingdao,CN,36.0986,120.3719,71.6,21,0,17.9,clear sky
658,Banda Aceh,ID,5.5577,95.3222,85.64,64,100,14.92,light rain
659,Porto Santo,PT,33.072,-16.3415,62.6,72,20,11.5,few clouds
660,Nelson Bay,AU,-32.7167,152.15,66.2,68,0,6.91,clear sky
661,Hami,CN,42.8,93.45,74.17,13,46,2.73,scattered clouds
662,Achalpur,IN,21.2572,77.5086,103.66,10,6,7.83,clear sky
663,The Valley,AI,18.217,-63.0578,78.8,83,20,8.05,few clouds
664,Notodden,NO,59.5594,9.2585,46.99,60,0,1.88,clear sky
665,Yarmouth,US,41.7057,-70.2286,45.0,87,90,5.08,overcast clouds
666,Campoverde,PE,-8.4753,-74.8058,71.83,94,91,1.52,overcast clouds
667,Iwanai,JP,42.9744,140.5089,48.16,78,8,14.41,clear sky
668,Qianjiang,CN,30.4151,112.8859,68.97,65,99,5.17,overcast clouds
669,Ola,RU,59.5833,151.2833,33.98,81,100,21.72,overcast clouds
670,Quimper,FR,48.0,-4.1,48.2,71,0,4.61,clear sky
671,Davila,PH,18.4726,120.5763,86.0,54,20,20.71,few clouds
672,Brewster,US,41.3973,-73.6171,44.01,81,1,2.48,clear sky
673,Gouyave,GD,12.1646,-61.7296,78.8,78,20,5.75,few clouds
674,Raymondville,US,26.4815,-97.7831,60.8,82,90,5.75,overcast clouds
675,Qaqortoq,GL,60.7167,-46.0333,28.4,40,90,1.14,overcast clouds
676,Gazojak,TM,41.1875,61.4036,78.69,18,100,3.49,overcast clouds
677,Tautira,PF,-17.7333,-149.15,78.8,83,20,2.3,few clouds
678,Iberia,US,29.9502,-91.7507,55.99,88,75,6.91,broken clouds
679,San Juan,AR,-31.5375,-68.5364,70.48,68,1,8.08,clear sky
680,Zhaotong,CN,27.3167,103.7167,71.85,38,73,3.24,broken clouds
681,Pangkalanbuun,ID,-2.6833,111.6167,90.27,45,18,6.51,few clouds
682,Naugachhia,IN,25.4,87.1,104.83,6,0,16.37,clear sky
683,Trincomalee,LK,8.5711,81.2335,89.29,57,83,7.76,broken clouds
684,Tanete,ID,-3.9443,119.7848,84.09,70,100,5.21,overcast clouds
685,Beyneu,KZ,45.3167,55.2,73.87,31,11,11.45,few clouds
686,Safranbolu,TR,41.2508,32.6942,51.8,100,75,4.61,light rain
687,Beberibe,BR,-4.1797,-38.1306,77.0,88,40,3.44,scattered clouds
688,Bereda,ES,43.2686,-7.5406,53.01,90,100,3.0,overcast clouds
689,Mazatlan,MX,23.2167,-106.4167,73.0,88,1,2.3,clear sky
690,Kelso,US,46.1468,-122.9084,52.0,71,1,1.59,clear sky
691,Moramanga,MG,-18.9333,48.2,64.65,79,95,5.3,overcast clouds
692,Ust-Maya,RU,60.4167,134.5333,34.83,97,100,3.96,light rain
693,Half Moon Bay,US,37.4636,-122.4286,53.6,76,1,7.23,clear sky
694,Melbourne,US,28.0836,-80.6081,71.6,83,20,3.44,light rain
695,Kwinana,AU,-32.25,115.7667,72.0,56,4,14.97,clear sky
